matFuncionario;nomFuncionario
10;Jose Alves
20;Carlos Pereira
30;Maria do Carmo Nunes
40;Carlos Alberto Paiva
50;Jose da Silva Nunes
60;Jose Pereira da Silva
70;Renata Sorrat
80;Ana Carla da Silva
90;Cristiana da Silva
100;Ronaldo Oliveira
110;Reinado Lima
120;Marluce Soares
130;Maria do Carmo Paiva
140;Renata Pereira Paiva
150;Bruna dos Santos
160;Bernardo Fonseca Silva
170;Marluce Dias
180;Maria do Carmo Silva
190;Josualdo Pereira Santos
200;Kleber Teixeira
210;Neuza Matos
220;Roberto Siqueira
